skew	whisker_min	box_min	median	box_high	whisker_high
1.2	520534.4	521765.95000000007	522997.50000000006	523164.75	523332.0
1.3	1975117.1	1975284.75	1975452.4	1979602.9000000001	1983753.4000000004
1.4	2064077.5999999999	2064932.5	2065787.4000000001	2066645.35	2067503.3
1.5	2069643.1	2071006.85	2072370.6	2072483.9000000001	2072597.2000000002
