skew	ops(total)-r	ops/sec(cum)-r	avg(ms)-r	p50(ms)-r	p95(ms)-r	p99(ms)-r	pMax(ms)-r	total-r	elapsed-w	errors-w	ops(total)-w	ops/sec(cum)-w	avg(ms)-w	p50(ms)-w	p95(ms)-w	p99(ms)-w	pMax(ms)-w	total-w	elapsed	errors	ops(total)	ops/sec(cum)	avg(ms)	p50(ms)	p95(ms)	p99(ms)	pMax(ms)
1.1	0.0	0.0	0.0	0.0	0.0	134522.0	2242.0	1.5	1.45	2.5	5.75	13.1	0.0	0.0	0.0	14781.0	246.3	2.0	1.95	3.0	6.3	12.05	0.0	0.0	0.0	149303.0	2488.4	1.55	1.45	2.6	5.75	13.1
1.2				0.0	0.0	235516.0	3925.2	3.5	3.0	8.65	13.6	60.8	0.0	0.0	0.0	26103.0	435.0	4.35	4.15	6.85	15.2	59.75	0.0	0.0	0.0	261619.0	4360.3	3.55	3.05	8.25	13.6	62.9
1.3				0.0	0.0	210207.0	3503.3999999999996	3.9	3.1	11.5	15.7	51.349999999999994	0.0	0.0	0.0	23329.0	388.8	4.8	4.2	12.35	22.0	117.45	0.0	0.0	0.0	233536.0	3892.2	4.0	3.1	11.5	16.3	117.45
1.4				0.0	0.0	186388.0	3106.4	4.4	3.1	13.35	18.9	48.2	0.0	0.0	0.0	20730.0	345.5	5.45	4.35	15.2	31.5	100.7	0.0	0.0	0.0	207118.0	3451.9	4.5	3.2	13.6	19.9	100.7
1.5				0.0	0.0	175565.0	2926.1	4.7	3.3	13.6	18.9	163.60000000000002	0.0	0.0	0.0	19448.0	324.1	5.8	4.5	15.45	35.7	151.0	0.0	0.0	0.0	195013.0	3250.2	4.8	3.3499999999999996	13.6	19.9	163.60000000000002
1.6				0.0	0.0	161792.0	2696.5	5.05	3.3	14.7	21.0	62.9	0.0	0.0	0.0	17883.0	298.1	6.65	4.5	21.5	46.1	159.35000000000002	0.0	0.0	0.0	179675.0	2994.6	5.2	3.4	14.7	22.0	159.35000000000002
1.8				0.0	0.0	135382.0	2256.3	5.95	3.5	17.8	23.6	77.6	0.0	0.0	0.0	15037.0	250.6	8.5	4.7	29.9	65.0	197.15	0.0	0.0	0.0	150419.0	2507.0	6.25	3.7	18.9	26.75	197.15
1.9				0.0	0.0	124798.0	2080.0	6.4	3.7	18.9	25.2	76.55	0.0	0.0	0.0	13957.0	232.6	9.7	5.0	36.7	73.4	171.95	0.0	0.0	0.0	138755.0	2312.6	6.75	3.8	19.9	30.4	171.95
2.0				0.0	0.0	121054.0	2017.5	6.6	3.7	19.9	27.3	79.7	0.0	0.0	0.0	13436.0	223.89999999999998	10.350000000000001	4.7	41.9	81.8	218.1	0.0	0.0	0.0	134490.0	2241.3999999999996	6.95	3.75	21.0	32.5	218.1
