skew	elapsed-r	errors-r	ops(total)-r	ops/sec(cum)-r	avg(ms)-r	p50(ms)-r	p95(ms)-r	p99(ms)-r	pMax(ms)-r	total-r	elapsed-w	errors-w	ops(total)-w	ops/sec(cum)-w	avg(ms)-w	p50(ms)-w	p95(ms)-w	p99(ms)-w	pMax(ms)-w	total-w	elapsed	errors	ops(total)	ops/sec(cum)	avg(ms)	p50(ms)	p95(ms)	p99(ms)	pMax(ms)
1.1	0.0	0.0	224318.0	7477.0	3.6	3.1	8.25	14.2	63.95	0.0	0.0	0.0	24906.0	830.2	4.5	4.5	7.199999999999999	13.899999999999999	51.4	0.0	0.0	0.0	249224.0	8307.099999999999	3.7	3.1	8.0	14.2	66.05
1.4	0.0	0.0	122163.0	4072.0	6.45	3.4	23.1	33.6	188.7	0.0	0.0	0.0	13595.0	453.2	10.850000000000001	5.0	47.150000000000006	115.30000000000001	402.65	0.0	0.0	0.0	135758.0	4525.2	6.85	3.5	24.1	38.75	402.65
1.6	0.0	0.0	94339.0	3144.4	8.25	3.6	29.4	39.8	180.35	0.0	0.0	0.0	10425.0	347.5	15.2	4.7	73.4	163.60000000000002	503.29999999999995	0.0	0.0	0.0	104764.0	3491.8999999999996	8.95	3.8	30.4	50.3	503.29999999999995
1.7	0.0	0.0	84130.0	2804.3	9.2	3.8	31.5	44.0	180.35	0.0	0.0	0.0	9187.0	306.3	17.85	5.2	88.1	180.35	494.95000000000005	0.0	0.0	0.0	93317.0	3110.4	10.05	4.1	33.6	57.650000000000006	494.95000000000005
1.8	0.0	0.0	72980.0	2432.5	10.5	3.9	35.7	50.3	192.9	0.0	0.0	0.0	8082.0	269.4	21.15	5.1	104.9	201.3	427.85	0.0	0.0	0.0	81062.0	2702.0	11.6	4.1	37.7	73.4	427.85
1.9	0.0	0.0	66691.0	2222.8999999999996	11.5	4.1	37.7	51.349999999999994	142.6	0.0	0.0	0.0	7310.0	243.7	23.299999999999997	5.0	113.2	213.89999999999998	444.6	0.0	0.0	0.0	74001.0	2466.5	12.649999999999999	4.2	40.849999999999994	77.6	444.6
2.0	0.0	0.0	64075.0	2135.7	12.0	4.15	39.8	53.45	144.7	0.0	0.0	0.0	7070.0	235.7	24.3	4.85	117.4	222.3	562.05	0.0	0.0	0.0	71145.0	2371.3999999999996	13.2	4.35	41.9	83.9	562.05
