skew	elapsed-r	errors-r	ops(total)-r	ops/sec(cum)-r	avg(ms)-r	p50(ms)-r	p95(ms)-r	p99(ms)-r	pMax(ms)-r	total-r	elapsed-w	errors-w	ops(total)-w	ops/sec(cum)-w	avg(ms)-w	p50(ms)-w	p95(ms)-w	p99(ms)-w	pMax(ms)-w	total-w	elapsed	errors	ops(total)	ops/sec(cum)	avg(ms)	p50(ms)	p95(ms)	p99(ms)	pMax(ms)
1.1	0.0	0.0	366259.0	12208.0	4.4	3.1	12.6	30.4	79.7	0.0	0.0	0.0	41151.0	1371.6	7.199999999999999	4.5	14.45	88.1	637.5	0.0	0.0	0.0	407410.0	13579.7	4.7	3.3	12.85	33.05	637.5
1.2	0.0	0.0	221761.0	7391.5	7.15	3.3	37.7	56.6	140.5	0.0	0.0	0.0	24502.0	816.7	14.0	4.5	66.05	230.7	1090.55	0.0	0.0	0.0	246263.0	8208.3	7.85	3.4	39.8	60.8	1090.55
1.3	0.0	0.0	160869.0	5362.1	9.6	3.4	53.45	71.3	132.1	0.0	0.0	0.0	18045.0	601.5	21.5	4.5	130.0	343.9	1107.3000000000002	0.0	0.0	0.0	178914.0	5963.6	10.8	3.45	54.5	79.7	1107.3000000000002
1.4	0.0	0.0	114470.0	3815.5	13.4	3.5	71.3	90.19999999999999	188.75	0.0	0.0	0.0	12748.0	424.9	31.950000000000003	4.5	201.3	494.9	1409.3	0.0	0.0	0.0	127218.0	4240.4	15.25	3.7	75.5	115.30000000000001	1409.3
1.5	0.0	0.0	103735.0	3457.6	14.75	3.8	71.3	88.1	205.5	0.0	0.0	0.0	11286.0	376.2	36.65	5.0	218.1	503.3	1744.8	0.0	0.0	0.0	115021.0	3833.8999999999996	16.9	3.9	75.5	123.69999999999999	1744.8
1.6	0.0	0.0	86137.0	2871.1000000000004	17.5	3.8	79.7	96.5	192.9	0.0	0.0	0.0	9729.0	324.29999999999995	44.85	4.7	276.79999999999995	562.05	1409.3	0.0	0.0	0.0	95866.0	3195.3	20.25	3.9	79.7	159.4	1409.3
1.7	0.0	0.0	80243.0	2674.7	18.95	3.9	79.7	96.5	188.7	0.0	0.0	0.0	8852.0	295.1	47.75	5.2	276.79999999999995	545.25	1375.75	0.0	0.0	0.0	89095.0	2969.8	21.85	4.1	83.9	163.60000000000002	1375.75
1.8	0.0	0.0	74514.0	2483.7	20.450000000000003	4.1	79.7	96.5	268.45	0.0	0.0	0.0	8168.0	272.20000000000005	51.6	4.85	285.2	604.0	1342.2	0.0	0.0	0.0	82682.0	2755.9	23.55	4.15	81.80000000000001	184.55	1342.2
2.0	0.0	0.0	64266.0	2142.1000000000004	23.6	4.5	83.9	102.80000000000001	293.6	0.0	0.0	0.0	7197.0	239.9	59.55	5.0	318.8	620.75	1409.3	0.0	0.0	0.0	71463.0	2382.0	27.2	4.5	88.1	205.5	1409.3
