skew	elapsed-r	errors-r	ops(total)-r	ops/sec(cum)-r	avg(ms)-r	p50(ms)-r	p95(ms)-r	p99(ms)-r	pMax(ms)-r	total-r	elapsed-w	errors-w	ops(total)-w	ops/sec(cum)-w	avg(ms)-w	p50(ms)-w	p95(ms)-w	p99(ms)-w	pMax(ms)-w	total-w	elapsed	errors	ops(total)	ops/sec(cum)	avg(ms)	p50(ms)	p95(ms)	p99(ms)	pMax(ms)
1.1	0.0	0.0	126922.0	4230.6	3.2	3.0	5.5	11.8	117.44999999999999	0.0	0.0	0.0	14137.0	471.2	4.25	4.2	6.449999999999999	11.55	23.049999999999997	0.0	0.0	0.0	141059.0	4701.7	3.3	3.0	5.8	11.8	117.44999999999999
1.2	0.0	0.0	117052.0	3901.6000000000004	3.5	2.9	10.0	14.95	167.8	0.0	0.0	0.0	12957.0	431.9	4.55	4.2	7.5	17.05	111.14999999999999	0.0	0.0	0.0	130009.0	4333.5	3.6	3.0	10.0	15.2	172.0
1.3	0.0	0.0	103806.0	3460.1	3.9	3.0	12.1	16.55	167.8	0.0	0.0	0.0	11817.0	393.9	5.1	4.5	12.6	24.1	127.95	0.0	0.0	0.0	115623.0	3853.9	4.05	3.1	12.1	17.3	167.8
1.5	0.0	0.0	89287.0	2976.1	4.6	3.1	13.6	19.4	41.9	0.0	0.0	0.0	9723.0	324.1	5.8	4.5	16.0	36.7	109.05000000000001	0.0	0.0	0.0	99010.0	3300.2	4.7	3.3	13.6	19.9	109.05000000000001
1.6	0.0	0.0	75973.0	2532.3999999999996	5.35	3.4	15.45	22.0	69.2	0.0	0.0	0.0	8577.0	285.9	7.05	4.5	23.1	50.3	111.15	0.0	0.0	0.0	84550.0	2818.2	5.55	3.5	16.0	23.6	111.15
1.7	0.0	0.0	72028.0	2400.9	5.65	3.5	16.3	22.55	56.6	0.0	0.0	0.0	8075.0	269.1	7.75	4.7	25.2	58.7	146.8	0.0	0.0	0.0	80103.0	2670.0	5.85	3.6	16.8	25.2	146.8
1.8	0.0	0.0	68685.0	2289.3999999999996	5.9	3.5	17.8	23.1	123.75	0.0	0.0	0.0	7616.0	253.89999999999998	8.350000000000001	5.0	28.85	60.8	171.95	0.0	0.0	0.0	76301.0	2543.3	6.15	3.7	17.8	26.2	171.95
1.9	0.0	0.0	64808.0	2160.2	6.2	3.45	18.9	25.2	60.8	0.0	0.0	0.0	7293.0	243.1	9.05	4.5	34.650000000000006	71.3	172.0	0.0	0.0	0.0	72101.0	2403.3	6.5	3.6	19.9	28.85	172.0
2.0	0.0	0.0	62027.0	2067.5	6.5	3.7	18.9	25.7	62.9	0.0	0.0	0.0	6755.0	225.1	9.65	4.7	36.7	71.3	159.39999999999998	0.0	0.0	0.0	68782.0	2292.6	6.8	3.8	19.9	30.45	159.39999999999998
