skew	elapsed-r	errors-r	ops(total)-r	ops/sec(cum)-r	avg(ms)-r	p50(ms)-r	p95(ms)-r	p99(ms)-r	pMax(ms)-r	total-r	elapsed-w	errors-w	ops(total)-w	ops/sec(cum)-w	avg(ms)-w	p50(ms)-w	p95(ms)-w	p99(ms)-w	pMax(ms)-w	total-w	elapsed	errors	ops(total)	ops/sec(cum)	avg(ms)	p50(ms)	p95(ms)	p99(ms)	pMax(ms)
1.2	0.0	0.0	216109.0	7203.0	26.700000000000003	3.4	268.4	318.8	444.6	0.0	0.0	0.0	23747.0	791.5	74.30000000000001	4.5	520.1	1711.25	5234.5	0.0	0.0	0.0	239856.0	7994.5	31.4	3.5	268.4	335.5	5234.5
1.3	0.0	0.0	152205.0	5072.7	38.3	3.7	285.2	327.15	494.9	0.0	0.0	0.0	16755.0	558.4	100.85	4.7	687.9	1946.15	5905.6	0.0	0.0	0.0	168960.0	5631.2	44.5	3.8	302.0	352.3	5905.6
1.4	0.0	0.0	115812.0	3860.1000000000004	48.95	3.75	335.5	369.1	587.2	0.0	0.0	0.0	12859.0	428.5	144.5	5.1	1006.6500000000001	2415.8999999999996	8053.049999999999	0.0	0.0	0.0	128671.0	4288.6	58.5	3.8499999999999996	335.5	469.75	8053.049999999999
1.6	0.0	0.0	85067.0	2835.2	68.25	4.1	318.8	360.70000000000005	754.95	0.0	0.0	0.0	9485.0	316.1	181.9	5.0	1174.45	2415.8999999999996	5905.6	0.0	0.0	0.0	94552.0	3151.3999999999996	79.65	4.2	318.8	637.5	5905.6
1.7	0.0	0.0	78003.0	2599.8	73.0	4.2	335.5	377.5	754.95	0.0	0.0	0.0	8533.0	284.4	214.5	5.0	1342.2	2885.7	5905.55	0.0	0.0	0.0	86536.0	2884.2	86.94999999999999	4.5	335.5	738.2	5905.55
1.8	0.0	0.0	71171.0	2372.0	81.45	4.6	318.8	369.1	805.3499999999999	0.0	0.0	0.0	7936.0	264.5	216.35	5.2	1275.1	2483.05	7381.95	0.0	0.0	0.0	79107.0	2636.6	94.95	4.7	335.5	822.0999999999999	7381.95
1.9	0.0	0.0	65542.0	2184.3999999999996	85.8	4.6	352.3	385.9	587.2	0.0	0.0	0.0	7306.0	243.6	259.4	5.2	1476.4	2818.6000000000004	6442.450000000001	0.0	0.0	0.0	72848.0	2428.0	103.19999999999999	4.7	352.3	922.75	6442.450000000001
2.0	0.0	0.0	58142.0	1937.9	100.15	5.0	343.9	411.04999999999995	822.0999999999999	0.0	0.0	0.0	6409.0	213.6	264.9	5.5	1442.85	2952.8	5771.35	0.0	0.0	0.0	64551.0	2151.5	116.5	5.1	360.70000000000005	889.2	5771.35
