skew	elapsed-r	errors-r	ops(total)-r	ops/sec(cum)-r	avg(ms)-r	p50(ms)-r	p95(ms)-r	p99(ms)-r	pMax(ms)-r	total-r	elapsed-w	errors-w	ops(total)-w	ops/sec(cum)-w	avg(ms)-w	p50(ms)-w	p95(ms)-w	p99(ms)-w	pMax(ms)-w	total-w	elapsed	errors	ops(total)	ops/sec(cum)	avg(ms)	p50(ms)	p95(ms)	p99(ms)	pMax(ms)
1.1	0.0	0.0	350087.0	11668.5	8.6	3.3	26.75	125.8	369.1	0.0	0.0	0.0	38668.0	1288.8000000000002	19.200000000000003	4.7	20.45	469.8	2885.7	0.0	0.0	0.0	388755.0	12957.3	9.649999999999999	3.3499999999999996	26.25	134.2	2885.7
1.19	0.0	0.0	221969.0	7398.4	13.4	3.4	104.9	142.6	264.2	0.0	0.0	0.0	25045.0	834.7	31.549999999999997	4.5	180.35	671.1	2684.3500000000004	0.0	0.0	0.0	247014.0	8233.3	15.25	3.45	109.1	159.4	2684.3500000000004
1.3	0.0	0.0	141764.0	4725.1	20.85	3.45	142.6	167.8	310.4	0.0	0.0	0.0	15808.0	526.9	51.3	4.5	360.70000000000005	906.0	2885.7	0.0	0.0	0.0	157572.0	5252.0	23.9	3.5	142.6	184.5	2885.7
1.4	0.0	0.0	123552.0	4118.200000000001	23.9	3.7	142.6	167.8	327.15	0.0	0.0	0.0	13611.0	453.70000000000005	60.05	4.6	402.7	973.1	2684.35	0.0	0.0	0.0	137163.0	4571.799999999999	27.5	3.75	142.6	205.5	2684.35
