skew	elapsed-r	errors-r	ops(total)-r	ops/sec(cum)-r	avg(ms)-r	p50(ms)-r	p95(ms)-r	p99(ms)-r	pMax(ms)-r	total-r	elapsed-w	errors-w	ops(total)-w	ops/sec(cum)-w	avg(ms)-w	p50(ms)-w	p95(ms)-w	p99(ms)-w	pMax(ms)-w	total-w	elapsed	errors	ops(total)	ops/sec(cum)	avg(ms)	p50(ms)	p95(ms)	p99(ms)	pMax(ms)
1.201	0.0	0.0	906836.0	7556.8	6.8	3.3	35.7	52.4	117.44999999999999	0.0	0.0	0.0	100325.0	836.0999999999999	12.9	4.2	62.9	218.1	872.45	0.0	0.0	0.0	1007161.0	8392.9	7.45	3.4	37.7	57.650000000000006	872.45
1.3	0.0	0.0	162252.0	5408.0	9.350000000000001	3.4	50.3	65.0	123.69999999999999	0.0	0.0	0.0	17850.0	595.0	19.950000000000003	4.7	119.5	318.75	1006.6	0.0	0.0	0.0	180102.0	6002.9	10.4	3.5	52.4	75.5	1006.6
1.4	0.0	0.0	121979.0	4065.8	12.25	3.6	62.9	79.7	155.2	0.0	0.0	0.0	13597.0	453.20000000000005	28.3	4.5	176.15	427.79999999999995	1342.1999999999998	0.0	0.0	0.0	135576.0	4519.0	13.899999999999999	3.7	65.0	98.6	1342.1999999999998
1.5	0.0	0.0	107390.0	3579.4	14.1	3.7	62.9	79.7	151.0	0.0	0.0	0.0	11834.0	394.4	31.200000000000003	4.5	192.9	411.04999999999995	1174.45	0.0	0.0	0.0	119224.0	3973.9	15.8	3.8	65.0	104.9	1174.45
1.6	0.0	0.0	90925.0	3030.6	16.45	3.8	71.3	88.1	171.95	0.0	0.0	0.0	10158.0	338.6	38.2	4.6	226.5	461.4	1509.95	0.0	0.0	0.0	101083.0	3369.2	18.65	3.9	71.3	132.1	1509.95
1.7	0.0	0.0	80137.0	2671.0	18.6	3.9	73.4	90.19999999999999	172.0	0.0	0.0	0.0	8914.0	297.1	43.9	4.7	251.7	494.9	1140.85	0.0	0.0	0.0	89051.0	2968.2	21.15	4.1	75.5	151.0	1140.85
1.8	0.0	0.0	74751.0	2491.6	19.75	4.15	75.5	92.3	188.75	0.0	0.0	0.0	8136.0	271.20000000000005	50.45	5.35	293.6	545.25	1409.3000000000002	0.0	0.0	0.0	82887.0	2762.7	22.8	4.5	79.7	172.0	1409.3000000000002
1.9	0.0	0.0	60605.0	2020.0	24.8	4.5	83.9	107.0	302.0	0.0	0.0	0.0	6704.0	223.4	57.3	5.2	310.4	604.0	1409.3000000000002	0.0	0.0	0.0	67309.0	2243.5	28.049999999999997	4.7	90.19999999999999	197.10000000000002	1409.3000000000002
2.0	0.0	0.0	62900.0	2096.6000000000004	23.799999999999997	4.5	81.80000000000001	100.7	251.65	0.0	0.0	0.0	6926.0	230.8	56.45	5.0	310.4	587.2	1308.6	0.0	0.0	0.0	69826.0	2327.3999999999996	27.0	4.5	86.0	192.9	1308.6
