skew	elapsed-r	errors-r	ops(total)-r	ops/sec(cum)-r	avg(ms)-r	p50(ms)-r	p95(ms)-r	p99(ms)-r	pMax(ms)-r	total-r	elapsed-w	errors-w	ops(total)-w	ops/sec(cum)-w	avg(ms)-w	p50(ms)-w	p95(ms)-w	p99(ms)-w	pMax(ms)-w	total-w	elapsed	errors	ops(total)	ops/sec(cum)	avg(ms)	p50(ms)	p95(ms)	p99(ms)	pMax(ms)
1.1	0.0	0.0	393459.0	13114.2	7.75	3.3	23.05	109.1	201.3	0.0	0.0	0.0	43643.0	1454.6	16.2	4.5	17.8	394.29999999999995	2147.45	0.0	0.0	0.0	437102.0	14568.8	8.6	3.4	22.55	113.2	2147.45
1.3	0.0	0.0	159338.0	5311.0	18.75	3.5	121.6	151.0	268.45	0.0	0.0	0.0	17498.0	583.2	44.45	4.7	293.6	788.55	2818.55	0.0	0.0	0.0	176836.0	5894.2	21.299999999999997	3.7	125.8	159.4	2818.55
1.4	0.0	0.0	122546.0	4084.7	24.15	3.7	142.6	167.8	285.2	0.0	0.0	0.0	13497.0	449.9	59.55	4.85	402.7	939.55	2818.6000000000004	0.0	0.0	0.0	136043.0	4534.5	27.700000000000003	3.8	142.6	201.3	2818.6000000000004
1.5	0.0	0.0	89097.0	2969.6	33.25	4.1	159.4	192.9	360.70000000000005	0.0	0.0	0.0	9833.0	327.79999999999995	83.35	5.5	545.25	1174.45	2885.7	0.0	0.0	0.0	98930.0	3297.4	38.2	4.5	167.8	293.6	2885.7
1.6	0.0	0.0	89060.0	2968.4	32.599999999999994	4.0	159.4	184.5	302.0	0.0	0.0	0.0	9797.0	326.6	89.1	5.2	553.65	1241.55	2751.45	0.0	0.0	0.0	98857.0	3294.9	38.2	4.2	159.4	293.6	2751.45
1.7	0.0	0.0	65835.0	2194.4	44.65	4.5	184.5	213.89999999999998	478.15	0.0	0.0	0.0	7337.0	244.5	114.65	5.5	687.85	1342.1999999999998	3154.1	0.0	0.0	0.0	73172.0	2438.8999999999996	51.65	4.7	184.5	419.45	3154.1
1.8	0.0	0.0	59833.0	1994.1999999999998	48.7	4.5	184.5	218.1	444.6	0.0	0.0	0.0	6575.0	219.2	131.45	5.35	738.2	1442.85	2684.4	0.0	0.0	0.0	66408.0	2213.3999999999996	56.9	4.7	192.9	469.8	2684.4
1.9	0.0	0.0	67522.0	2250.6	43.7	4.5	159.4	192.9	377.5	0.0	0.0	0.0	7435.0	247.8	111.6	5.0	637.5	1241.55	2550.1499999999996	0.0	0.0	0.0	74957.0	2498.4	50.400000000000006	4.5	167.8	402.7	2550.1499999999996
2.0	0.0	0.0	59993.0	1999.6999999999998	48.55	4.6	172.0	205.5	444.6	0.0	0.0	0.0	6672.0	222.4	129.55	5.2	687.85	1342.1999999999998	2550.1499999999996	0.0	0.0	0.0	66665.0	2222.0	56.65	4.7	176.2	461.35	2550.1499999999996
