skew	elapsed-r	errors-r	ops(total)-r	ops/sec(cum)-r	avg(ms)-r	p50(ms)-r	p95(ms)-r	p99(ms)-r	pMax(ms)-r	total-r	elapsed-w	errors-w	ops(total)-w	ops/sec(cum)-w	avg(ms)-w	p50(ms)-w	p95(ms)-w	p99(ms)-w	pMax(ms)-w	total-w	elapsed	errors	ops(total)	ops/sec(cum)	avg(ms)	p50(ms)	p95(ms)	p99(ms)	pMax(ms)
1.09	0.0	0.0	245813.0	14458.1	5.25	3.4	14.2	50.3	117.4	0.0	0.0	0.0	27229.0	1601.6	9.7	5.2	17.3	125.8	855.65	0.0	0.0	0.0	273042.0	16059.7	5.7	3.5	14.2	54.5	855.65
1.19	0.0	0.0	127795.0	7516.0	9.9	3.4	71.3	100.7	163.60000000000002	0.0	0.0	0.0	14047.0	826.0999999999999	20.65	4.5	111.15	402.7	1375.75	0.0	0.0	0.0	141842.0	8342.1	11.0	3.5	75.5	104.9	1375.75
1.31	0.0	0.0	85231.0	5013.0	14.65	3.7	92.3	113.2	213.9	0.0	0.0	0.0	9342.0	549.5	33.85	5.0	213.9	562.05	1711.25	0.0	0.0	0.0	94573.0	5562.5	16.55	3.8	92.3	127.9	1711.25
1.39	0.0	0.0	69097.0	4064.1000000000004	17.9	3.75	104.9	123.69999999999999	251.7	0.0	0.0	0.0	7696.0	452.6	42.65	4.7	285.2	654.3	1543.5	0.0	0.0	0.0	76793.0	4516.700000000001	20.4	3.8499999999999996	107.0	155.2	1543.5
1.59	0.0	0.0	51527.0	3030.5	23.85	4.0	113.2	134.2	234.9	0.0	0.0	0.0	5651.0	332.4	60.0	5.2	352.3	788.55	1677.7	0.0	0.0	0.0	57178.0	3362.9	27.4	4.2	117.4	209.7	1677.7
1.71	0.0	0.0	44313.0	2606.3	27.4	4.2	117.4	142.6	276.85	0.0	0.0	0.0	4973.0	292.5	70.4	5.0	419.4	889.2	2080.35	0.0	0.0	0.0	49286.0	2898.9	31.7	4.5	121.6	243.3	2080.35
1.79	0.0	0.0	44638.0	2625.5	27.55	4.2	109.1	130.0	314.6	0.0	0.0	0.0	4875.0	286.7	69.15	5.2	385.9	822.0999999999999	1577.05	0.0	0.0	0.0	49513.0	2912.1000000000004	31.650000000000002	4.5	113.2	234.9	1577.05
1.91	0.0	0.0	37781.0	2222.1	31.9	4.35	121.6	146.8	234.9	0.0	0.0	0.0	4235.0	249.1	84.65	5.0	453.0	922.75	2281.7	0.0	0.0	0.0	42016.0	2471.2	37.2	4.5	125.8	293.6	2281.7
2.0	0.0	0.0	35084.0	2063.5	34.4	4.7	125.8	151.0	264.2	0.0	0.0	0.0	3850.0	226.5	94.8	5.35	520.1	973.1	2348.85	0.0	0.0	0.0	38934.0	2289.9	40.35	4.7	134.2	327.15	2348.85
